repository_path,source_archive_path,role,size_bytes,sha256,provenance
.gitattributes,,GitHub curation/documentation,173,67c66ed5981d2d64b98b31eabe9749614793cff87aa37c688577c267b760e63c,generated_during_github_curation
.gitignore,,GitHub curation/documentation,320,5c68268199c82eedecad6fb6124537a027307d941fad09de5af094d22c9726f4,generated_during_github_curation
AUTHORS.md,,GitHub curation/documentation,414,708a4a47c67b92f77dd0114dab1679566b0a0441d8af14e414ff188055091dd7,generated_during_github_curation
CITATION.cff,,GitHub curation/documentation,530,b67ed55a7814cee5aa2f24cce545e8fb40fb1b431e8ad9db309f6fa20917c9af,generated_during_github_curation
LICENSE_NOTICE.md,,GitHub curation/documentation,610,3f2d7f0f72f4635dd8690657a9d77d958fa2f70a584e99041d113e65439b998a,generated_during_github_curation
README.md,,GitHub curation/documentation,5117,4b8830181afb61dc6580f2054b933cd176867fa709eeec650de4f954b31bf744,generated_during_github_curation
docs/EXCLUDED_FILES.md,,GitHub curation/documentation,1401,42fdc8e93651e57ca7341db862b70e17eb80739d16e663dcdcb90b1d4e470d54,generated_during_github_curation
docs/FILE_GUIDE.md,,GitHub curation/documentation,2908,dc6201bc6f772d462829066387d0594b1c0708323185e093974a0568014527e4,generated_during_github_curation
docs/PACKAGE_SUMMARY.md,,GitHub curation/documentation,433,80c61f92b14e19b7b47b05d58684371c4cab19d8e9638df070bfbb255a2abedc,generated_during_github_curation
docs/REPRODUCIBILITY_NOTES.md,,GitHub curation/documentation,6009,9e1164003ff66178e1098bd94d0b412fe95ac080f48239ff6b46df655ef24dbe,generated_during_github_curation
docs/VALIDATION_BENCHMARKS.md,,GitHub curation/documentation,2415,d936fb30951cb32cd6d4449001de19305cef83eed6718f9970992ba0bfdc453f,generated_during_github_curation
inputs/representative_nemd/new.langevin.lmp,sample_structure_file_lammps_script_potential_file/new.langevin.lmp,Representative LAMMPS NEMD input script,4815,addf5d865b9fd85390a561135d340eebfdaaf3272ed5783a95f5acbe8bc49c80,copied_from_source_archive
potentials/XN.tersoff,sample_structure_file_lammps_script_potential_file/XN.tersoff,Tersoff parameter file used by supplied simulations,5513,4e41205fc8296d90ccf71078ba249b87249b2253173e55cab3735c3bdaf5aaf4,copied_from_source_archive
references/REFERENCES.md,,GitHub curation/documentation,2151,dd6539c79e4da7698119408685bdb932e4e0eee62dc74889813bc4b55162d1c8,generated_during_github_curation
requirements.txt,,GitHub curation/documentation,78,74a6e5c24d2c7394855a09191a47ba75567d959b34e6b1c8be6dffefa6f5afcd,generated_during_github_curation
results/README.md,,GitHub curation/documentation,304,0925fb2393befca57a2085f0aab6f61f84b47b865920e09230e0df557d0dcd17,generated_during_github_curation
results/temperature_bias/temp_diff_0p02_arm_200nm_analyzed.xlsx,temp_diff/temp_diff_0p02_arm_200nm_analyzed.xlsx,Temperature-bias sensitivity workbook,336928,711f2e907d1f34cbb4207b78805071cb3a227d3d47080f5ca42a63772e48924b,copied_from_source_archive
results/temperature_bias/temp_diff_0p05_arm_200nm_analyzed.xlsx,temp_diff/temp_diff_0p05_arm_200nm_analyzed.xlsx,Temperature-bias sensitivity workbook,331323,0a8828a0fa0320a6f17fb613c0eb8781bdb00ccedefb396b296398ae88812435,copied_from_source_archive
results/temperature_bias/temp_diff_0p08_arm_200nm_analyzed.xlsx,temp_diff/temp_diff_0p08_arm_200nm_analyzed.xlsx,Temperature-bias sensitivity workbook,341809,4d67762d44e7606511679e16906150770d02218323f7f4aa176258c64795dea2,copied_from_source_archive
results/thermal_transport/armchair/dope+strain_parallel_to_heat_flow_armchair/200nm_4%_strain_10%_B_analyzed.xlsx,armchair_x_axis/dope+strain_parallel_to_heat_flow_armchair/200nm_4%_strain_10%_B_analyzed.xlsx,Analyzed thermal-transport workbook,348335,b38cf3f6880a0c8874f4588ceb6a20ec489843130737227459241fba821a64b6,copied_from_source_archive
results/thermal_transport/armchair/dope+strain_parallel_to_heat_flow_armchair/200nm_4%_strain_10%_Ga_analyzed.xlsx,armchair_x_axis/dope+strain_parallel_to_heat_flow_armchair/200nm_4%_strain_10%_Ga_analyzed.xlsx,Analyzed thermal-transport workbook,338766,1310365670b56ef52c1dfd72bf634895ba071d66dbe7e9a935ef241b42963e4b,copied_from_source_archive
results/thermal_transport/armchair/dope_armchair/200nm_300K_10%_B_analyzed.xlsx,armchair_x_axis/dope_armchair/200nm_300K_10%_B_analyzed.xlsx,Analyzed thermal-transport workbook,404861,26a163b618f1a20e001d17cdc4bbc573e2587b101f36c022c2bdf2233d6eac0b,copied_from_source_archive
results/thermal_transport/armchair/dope_armchair/200nm_300K_10%_Ga_analyzed.xlsx,armchair_x_axis/dope_armchair/200nm_300K_10%_Ga_analyzed.xlsx,Analyzed thermal-transport workbook,407806,3e0b372e8f221f692725211ed335c2361dc3a853031256b1f6461627e0e89eaf,copied_from_source_archive
results/thermal_transport/armchair/dope_armchair/200nm_300K_6%_B_analyzed.xlsx,armchair_x_axis/dope_armchair/200nm_300K_6%_B_analyzed.xlsx,Analyzed thermal-transport workbook,375711,e22642fc6f2abe5855d2c82f0fdbfa377018755df7ac30acb091448654c8390a,copied_from_source_archive
results/thermal_transport/armchair/dope_armchair/200nm_300K_6%_Ga_analyzed.xlsx,armchair_x_axis/dope_armchair/200nm_300K_6%_Ga_analyzed.xlsx,Analyzed thermal-transport workbook,345904,f0230132c2d0156d58dc57d8c60cbf15bc1665a754f8b4c9eae90cc278059159,copied_from_source_archive
results/thermal_transport/armchair/dope_armchair/300K_200nm_2%_B_analyzed.xlsx,armchair_x_axis/dope_armchair/300K_200nm_2%_B_analyzed.xlsx,Analyzed thermal-transport workbook,582976,c353debe62bbe3719ffc433e7646c51b99b589e9b2419449e1dc0d23ee689dd0,copied_from_source_archive
results/thermal_transport/armchair/dope_armchair/300K_200nm_2%_Ga_analyzed.xlsx,armchair_x_axis/dope_armchair/300K_200nm_2%_Ga_analyzed.xlsx,Analyzed thermal-transport workbook,375216,700558ccf2b8c998805dd48cd9cda3852fdd00e0155b859111461d1033fac430,copied_from_source_archive
results/thermal_transport/armchair/dope_armchair/300K_arm_B_10%_full_length_analyzed.xlsx,armchair_x_axis/dope_armchair/300K_arm_B_10%_full_length_analyzed.xlsx,Analyzed thermal-transport workbook,3886536,a599c8cd2a78ad1e7504c245199e7120f99c83d621af4431badd976f41aecbe9,copied_from_source_archive
results/thermal_transport/armchair/dope_armchair/300K_arm_Ga_10%_full_length_analyzed.xlsx,armchair_x_axis/dope_armchair/300K_arm_Ga_10%_full_length_analyzed.xlsx,Analyzed thermal-transport workbook,2683498,bf68a505048fd263f4dc36e6a5ac9590d084232cb20bfb18affe7941663e33b7,copied_from_source_archive
results/thermal_transport/armchair/pore+strain_parallel_to_heat_flow_armchair/300K_200nm_arm_4%_strain_12%_pore_analyzed.xlsx,armchair_x_axis/pore+strain_parallel_to_heat_flow_armchair/300K_200nm_arm_4%_strain_12%_pore_analyzed.xlsx,Analyzed thermal-transport workbook,350462,75c2ac71eece2e4a0d5800fa551af3d0b5ad0af374c00cc149449400bf295b13,copied_from_source_archive
results/thermal_transport/armchair/pore+strain_parallel_to_heat_flow_armchair/300K_200nm_arm_4%_strain_3%_pore_analyzed.xlsx,armchair_x_axis/pore+strain_parallel_to_heat_flow_armchair/300K_200nm_arm_4%_strain_3%_pore_analyzed.xlsx,Analyzed thermal-transport workbook,392982,ed3060a4c87053c5512c6b0a137108c50244ab2494b06e3735b3c00ba83ad72e,copied_from_source_archive
results/thermal_transport/armchair/pore+strain_parallel_to_heat_flow_armchair/300K_arm_strain_0%_pore_8%_full_length_analyzed.xlsx,armchair_x_axis/pore+strain_parallel_to_heat_flow_armchair/300K_arm_strain_0%_pore_8%_full_length_analyzed.xlsx,Analyzed thermal-transport workbook,3830979,82f4e4a7088c68ba5c49faac54b4e65310eb8cea6ca01a11ff2d2b1e6426a7a4,copied_from_source_archive
results/thermal_transport/armchair/pore+strain_parallel_to_heat_flow_armchair/300K_arm_strain_4%_pore_8%_full_length_analyzed.xlsx,armchair_x_axis/pore+strain_parallel_to_heat_flow_armchair/300K_arm_strain_4%_pore_8%_full_length_analyzed.xlsx,Analyzed thermal-transport workbook,3864054,41d49184701733f3ba42ac178eb8bc67365ab462e2faf36529b82559d4344524,copied_from_source_archive
results/thermal_transport/armchair/pore+strain_parallel_to_heat_flow_armchair/300K_arm_strain_8%_pore_8%_full_length_analyzed.xlsx,armchair_x_axis/pore+strain_parallel_to_heat_flow_armchair/300K_arm_strain_8%_pore_8%_full_length_analyzed.xlsx,Analyzed thermal-transport workbook,3757455,ea148d9cd71ad75dc9b1f1f06546e551e8052c52cf8e3d89b0c29bc446eec382,copied_from_source_archive
results/thermal_transport/armchair/pore_armchair/300K_arm_pore_12%_full_length_analyzed.xlsx,armchair_x_axis/pore_armchair/300K_arm_pore_12%_full_length_analyzed.xlsx,Analyzed thermal-transport workbook,3768491,d07066cb6483af79fb10548af6f1c0cc896eff2666074f59e91c6d51d9ca6e95,copied_from_source_archive
results/thermal_transport/armchair/pore_armchair/300K_arm_pore_3%_full_length_analyzed.xlsx,armchair_x_axis/pore_armchair/300K_arm_pore_3%_full_length_analyzed.xlsx,Analyzed thermal-transport workbook,3763677,abbfdd9d2e881a55177a60c1281d535af6126fdc082c2b94d5e9dc57d6c4c365,copied_from_source_archive
results/thermal_transport/armchair/pore_armchair/300K_arm_pore_8%_full_length_analyzed.xlsx,armchair_x_axis/pore_armchair/300K_arm_pore_8%_full_length_analyzed.xlsx,Analyzed thermal-transport workbook,3750624,6ad360afa620fea4a6dc93beb312d6c5a63c50ef9d30cec207e5b1e96d393f91,copied_from_source_archive
results/thermal_transport/armchair/pristine_armchair/100K_arm_pristine_full_length_analyzed.xlsx,armchair_x_axis/pristine_armchair/100K_arm_pristine_full_length_analyzed.xlsx,Analyzed thermal-transport workbook,3679579,b1e6ba66cec1b6bdb1ccf10dfbecd5fc1160c49d7f122a7769b5045fd562d571,copied_from_source_archive
results/thermal_transport/armchair/pristine_armchair/200K_arm_pristine_full_length_analyzed.xlsx,armchair_x_axis/pristine_armchair/200K_arm_pristine_full_length_analyzed.xlsx,Analyzed thermal-transport workbook,3656136,03abac4253bc86e7e3905b9551c9f51c509f92e4429210ecd92c1037b503bd95,copied_from_source_archive
results/thermal_transport/armchair/pristine_armchair/300K_arm_pristine_full_length_analyzed.xlsx,armchair_x_axis/pristine_armchair/300K_arm_pristine_full_length_analyzed.xlsx,Analyzed thermal-transport workbook,3653265,9957a640765104ad73700942e88c491a5ee6baf29be6d6a823bfd608e972233d,copied_from_source_archive
results/thermal_transport/armchair/pristine_armchair/400K_arm_pristine_full_length_analyzed.xlsx,armchair_x_axis/pristine_armchair/400K_arm_pristine_full_length_analyzed.xlsx,Analyzed thermal-transport workbook,3652599,996468c914ad5e7455e623925703aa5ed152c2b6b3d14a729088271a5970aef9,copied_from_source_archive
results/thermal_transport/armchair/pristine_armchair/500K_arm_pristine_full_length_analyzed.xlsx,armchair_x_axis/pristine_armchair/500K_arm_pristine_full_length_analyzed.xlsx,Analyzed thermal-transport workbook,3618353,52535b77e17f727ac7fd2a44803e76cf446b182211c86c45a4aaaac388865612,copied_from_source_archive
results/thermal_transport/armchair/pristine_armchair/600K_arm_pristine_full_length_analyzed.xlsx,armchair_x_axis/pristine_armchair/600K_arm_pristine_full_length_analyzed.xlsx,Analyzed thermal-transport workbook,3784211,89e85e61d8585fcc87f82f1453d2b025f910816a15645ba53ca71d7d5bc49476,copied_from_source_archive
results/thermal_transport/armchair/strain_parallel_to_heat_flow+500K_200K_armchair/arm_0%_strain_200K_200nm_analyzed.xlsx,armchair_x_axis/strain_parallel_to_heat_flow+500K_200K_armchair/arm_0%_strain_200K_200nm_analyzed.xlsx,Analyzed thermal-transport workbook,356653,46f4212fbfd9e242e57ab0cfa3508cfe3e80f736e06e8119cc0a3186db69f965,copied_from_source_archive
results/thermal_transport/armchair/strain_parallel_to_heat_flow+500K_200K_armchair/arm_0%_strain_500K_200nm_analyzed.xlsx,armchair_x_axis/strain_parallel_to_heat_flow+500K_200K_armchair/arm_0%_strain_500K_200nm_analyzed.xlsx,Analyzed thermal-transport workbook,360934,5bc24b86110d8d414ddac0a566a96d8b394029c1023bcd89da10b88ffe5e9cc9,copied_from_source_archive
results/thermal_transport/armchair/strain_parallel_to_heat_flow+500K_200K_armchair/arm_4%_strain_200K_200nm_analyzed.xlsx,armchair_x_axis/strain_parallel_to_heat_flow+500K_200K_armchair/arm_4%_strain_200K_200nm_analyzed.xlsx,Analyzed thermal-transport workbook,358225,8f45e23edb28e04d9d882e9f7ff1241aff5c97b529fa0b1021a24bb77cb38720,copied_from_source_archive
results/thermal_transport/armchair/strain_parallel_to_heat_flow+500K_200K_armchair/arm_4%_strain_500K_200nm_analyzed.xlsx,armchair_x_axis/strain_parallel_to_heat_flow+500K_200K_armchair/arm_4%_strain_500K_200nm_analyzed.xlsx,Analyzed thermal-transport workbook,338806,55f9528b23ad0e18f6c1b918ce398d2485c8e29a959a0d6680b71a846e9cb09a,copied_from_source_archive
results/thermal_transport/armchair/strain_parallel_to_heat_flow+500K_200K_armchair/arm_8%_strain_200K_200nm_analyzed.xlsx,armchair_x_axis/strain_parallel_to_heat_flow+500K_200K_armchair/arm_8%_strain_200K_200nm_analyzed.xlsx,Analyzed thermal-transport workbook,361788,dc4500ce1b7c3b96298a2ddf42ef7b0e78db55110d41addcb39ac892aef24449,copied_from_source_archive
results/thermal_transport/armchair/strain_parallel_to_heat_flow+500K_200K_armchair/arm_8%_strain_500K_200nm_analyzed.xlsx,armchair_x_axis/strain_parallel_to_heat_flow+500K_200K_armchair/arm_8%_strain_500K_200nm_analyzed.xlsx,Analyzed thermal-transport workbook,344774,29c8979a34f414bddd8823b68cd7f011bdcb22a12cc87bec4090a865a397f4f9,copied_from_source_archive
results/thermal_transport/armchair/strain_parallel_to_heat_flow_armchair/300K_arm_strain_2%_full_length_analyzed.xlsx,armchair_x_axis/strain_parallel_to_heat_flow_armchair/300K_arm_strain_2%_full_length_analyzed.xlsx,Analyzed thermal-transport workbook,3693053,f5aa60d2d33e730d8c175ea3a8dc85cd64e2492212770f8d6e4fcde8a2659f63,copied_from_source_archive
results/thermal_transport/armchair/strain_parallel_to_heat_flow_armchair/300K_arm_strain_4%_full_length_analyzed.xlsx,armchair_x_axis/strain_parallel_to_heat_flow_armchair/300K_arm_strain_4%_full_length_analyzed.xlsx,Analyzed thermal-transport workbook,3722512,93ff7f6234e0415ea66bdcb149d38df804b5295b2f99b34a92b2e1e2fcd48fc7,copied_from_source_archive
results/thermal_transport/armchair/strain_parallel_to_heat_flow_armchair/300K_arm_strain_8%_full_length_analyzed.xlsx,armchair_x_axis/strain_parallel_to_heat_flow_armchair/300K_arm_strain_8%_full_length_analyzed.xlsx,Analyzed thermal-transport workbook,3825880,f087d4e507efa945dd95f1572804139f2483999839271789dd7180a6979b1762,copied_from_source_archive
results/thermal_transport/armchair/width_check_armchair/300K_13p7nm_width_arm_200nm_analyzed.xlsx,armchair_x_axis/width_check_armchair/300K_13p7nm_width_arm_200nm_analyzed.xlsx,Analyzed thermal-transport workbook,326163,be3032c932154f2b91b9dde23adee6d85430ca0e29fc1bd3d18afdd332e003fa,copied_from_source_archive
results/thermal_transport/armchair/width_check_armchair/300K_20p4nm_width_arm_200nm_analyzed.xlsx,armchair_x_axis/width_check_armchair/300K_20p4nm_width_arm_200nm_analyzed.xlsx,Analyzed thermal-transport workbook,328158,49222a8978c056a0083050e91ac73292d84f65a7af0cad065f0b5b60c65a0173,copied_from_source_archive
results/thermal_transport/armchair/width_check_armchair/300K_27p2nm_width_arm_200nm_analyzed.xlsx,armchair_x_axis/width_check_armchair/300K_27p2nm_width_arm_200nm_analyzed.xlsx,Analyzed thermal-transport workbook,326704,6d4c7ea45d283f0f85b63f7e939e012a2553377dc95ea5bf70e9ebce46864649,copied_from_source_archive
results/thermal_transport/zigzag/dope_zigzag_done/300K_200nm_zig_10%_B_analyzed.xlsx,zigzag_y/dope_zigzag_done/300K_200nm_zig_10%_B_analyzed.xlsx,Analyzed thermal-transport workbook,364144,fef22c078fa1969dcaede29f3eb413c2f20249871f6cb309240b58412625c9c5,copied_from_source_archive
results/thermal_transport/zigzag/dope_zigzag_done/300K_200nm_zig_10%_Ga_analyzed.xlsx,zigzag_y/dope_zigzag_done/300K_200nm_zig_10%_Ga_analyzed.xlsx,Analyzed thermal-transport workbook,352549,cca537055467f4abab46cafca0f6126161b4c04cd347a525fe6c1d18ec7eeadc,copied_from_source_archive
results/thermal_transport/zigzag/pore+strain_zigzag_perpendicular_to_heat_flow/300K_200nm_zig_4%_strain_12%_pore_analyzed.xlsx,zigzag_y/pore+strain_zigzag_perpendicular_to_heat_flow/300K_200nm_zig_4%_strain_12%_pore_analyzed.xlsx,Analyzed thermal-transport workbook,393899,a3681db3daeb91dfd54e785c91b521f3bca7f35c19cd0939c43af5e6d998b1aa,copied_from_source_archive
results/thermal_transport/zigzag/pore+strain_zigzag_perpendicular_to_heat_flow/300K_200nm_zig_4%_strain_3%_pore_analyzed.xlsx,zigzag_y/pore+strain_zigzag_perpendicular_to_heat_flow/300K_200nm_zig_4%_strain_3%_pore_analyzed.xlsx,Analyzed thermal-transport workbook,364747,45736e4e048f1c950a509969b92e51492675d0359a2d05cf5acdcdf924779908,copied_from_source_archive
results/thermal_transport/zigzag/pore+strain_zigzag_perpendicular_to_heat_flow/300K_zig_0%_strain_8%_pore_full_length_analyzed.xlsx,zigzag_y/pore+strain_zigzag_perpendicular_to_heat_flow/300K_zig_0%_strain_8%_pore_full_length_analyzed.xlsx,Analyzed thermal-transport workbook,2689578,06ed59de222d75d686f5f96565d332ba5f21aad054b92f6e4989337c3f7e4756,copied_from_source_archive
results/thermal_transport/zigzag/pore+strain_zigzag_perpendicular_to_heat_flow/300K_zig_4%_strain_8%_pore_full_length_analyzed.xlsx,zigzag_y/pore+strain_zigzag_perpendicular_to_heat_flow/300K_zig_4%_strain_8%_pore_full_length_analyzed.xlsx,Analyzed thermal-transport workbook,2739765,094c47c1aa3616fe17397c88986597084f27838a63dada93ab8284b2d21fb9a0,copied_from_source_archive
results/thermal_transport/zigzag/pore+strain_zigzag_perpendicular_to_heat_flow/300K_zig_8%_strain_8%_pore_full_length_analyzed.xlsx,zigzag_y/pore+strain_zigzag_perpendicular_to_heat_flow/300K_zig_8%_strain_8%_pore_full_length_analyzed.xlsx,Analyzed thermal-transport workbook,2621131,6125946eaa3e22d7a5bde0e4abc84f49ab62fb1c8a07b8335fda4cecd6ef537e,copied_from_source_archive
results/thermal_transport/zigzag/pore_zigzag_done/300K_zig_12%_pore_full_length_analyzed.xlsx,zigzag_y/pore_zigzag_done/300K_zig_12%_pore_full_length_analyzed.xlsx,Analyzed thermal-transport workbook,2693254,d94cbeabf4a05f34ec4c808960792d23136e1b7d424ebd9cfbe0214e8a11f90f,copied_from_source_archive
results/thermal_transport/zigzag/pore_zigzag_done/300K_zig_3%_pore_full_length_analyzed.xlsx,zigzag_y/pore_zigzag_done/300K_zig_3%_pore_full_length_analyzed.xlsx,Analyzed thermal-transport workbook,2731255,54dd8f77dce980e7cb065a042c179a1bdcbdb3ea5f173855f5d0776f3e8f5d42,copied_from_source_archive
results/thermal_transport/zigzag/pore_zigzag_done/300K_zig_8%_pore_full_length_analyzed.xlsx,zigzag_y/pore_zigzag_done/300K_zig_8%_pore_full_length_analyzed.xlsx,Analyzed thermal-transport workbook,2693048,4ad8781d32d1e7223dd6a2abe0b31fc3baf3748a0927be6a3419af878b6ac8f7,copied_from_source_archive
results/thermal_transport/zigzag/pristine_zigzag/100K_zig_pristine_full_length_analyzed.xlsx,zigzag_y/pristine_zigzag/100K_zig_pristine_full_length_analyzed.xlsx,Analyzed thermal-transport workbook,2663116,30509eb20a8626a7268f9636f141e92a7f9f46f7e7499b858f0dc478dee618ac,copied_from_source_archive
results/thermal_transport/zigzag/pristine_zigzag/200K_zig_pristine_full_length_analyzed.xlsx,zigzag_y/pristine_zigzag/200K_zig_pristine_full_length_analyzed.xlsx,Analyzed thermal-transport workbook,2680623,7e3c2b82d66bfc0080c800160678b902ae97683f678bdafea12ba7dcb31ce74f,copied_from_source_archive
results/thermal_transport/zigzag/pristine_zigzag/300K_zig_pristine_full_length_analyzed.xlsx,zigzag_y/pristine_zigzag/300K_zig_pristine_full_length_analyzed.xlsx,Analyzed thermal-transport workbook,3823072,6dc5fb1d4e2524ce007b025af038331f48abe46b86c1d93fdbafd8fb532e6630,copied_from_source_archive
results/thermal_transport/zigzag/pristine_zigzag/400K_zig_pristine_full_length_analyzed.xlsx,zigzag_y/pristine_zigzag/400K_zig_pristine_full_length_analyzed.xlsx,Analyzed thermal-transport workbook,2678805,1bfc63519a7c54c87e88367f5af3add6c18e4fb88b3dc3c2be6b77f59ab5a7d6,copied_from_source_archive
results/thermal_transport/zigzag/pristine_zigzag/500K_zig_pristine_full_length_analyzed.xlsx,zigzag_y/pristine_zigzag/500K_zig_pristine_full_length_analyzed.xlsx,Analyzed thermal-transport workbook,2785637,aca33050f8fe832358de797ada36bb7bce4ce084a7e10dbb7391dde46d78b48a,copied_from_source_archive
results/thermal_transport/zigzag/pristine_zigzag/600K_zig_pristine_full_length_analyzed.xlsx,zigzag_y/pristine_zigzag/600K_zig_pristine_full_length_analyzed.xlsx,Analyzed thermal-transport workbook,3931437,539e62dcb7a28db280895d583e4fb95aaeefb79a7f0340de41c8f32fbaf66ed1,copied_from_source_archive
results/thermal_transport/zigzag/strain_zigzag_perpendicular_to_heat_flow_done/300K_zig_2%_strain_full_length_analyzed.xlsx,zigzag_y/strain_zigzag_perpendicular_to_heat_flow_done/300K_zig_2%_strain_full_length_analyzed.xlsx,Analyzed thermal-transport workbook,3944840,c08be71cb5a8fe6e97b6422bdba6e0423bc8337762fcc24cae4d88f46d2269da,copied_from_source_archive
results/thermal_transport/zigzag/strain_zigzag_perpendicular_to_heat_flow_done/300K_zig_4%_strain_full_length_analyzed.xlsx,zigzag_y/strain_zigzag_perpendicular_to_heat_flow_done/300K_zig_4%_strain_full_length_analyzed.xlsx,Analyzed thermal-transport workbook,2733050,283963b0a0e23537ad12b4240f10c4d0f934413381551ad313050c04df41eb89,copied_from_source_archive
results/thermal_transport/zigzag/strain_zigzag_perpendicular_to_heat_flow_done/300K_zig_8%_strain_full_length_analyzed.xlsx,zigzag_y/strain_zigzag_perpendicular_to_heat_flow_done/300K_zig_8%_strain_full_length_analyzed.xlsx,Analyzed thermal-transport workbook,2644059,a0f53e1bf63cf905404cdfe479786f116a7b99778a0fcd66e4d5ddd9eaf3f5a3,copied_from_source_archive
results/thermal_transport/zigzag/width_check_zigzag_done/300K_11p8nm_width_zig_200nm_analyzed.xlsx,zigzag_y/width_check_zigzag_done/300K_11p8nm_width_zig_200nm_analyzed.xlsx,Analyzed thermal-transport workbook,336564,b107c71d61105b5417f0479c163e787f7e6ddf4341c75a88b17c76ef43b1231a,copied_from_source_archive
results/thermal_transport/zigzag/width_check_zigzag_done/300K_17p7nm_width_zig_200nm_analyzed.xlsx,zigzag_y/width_check_zigzag_done/300K_17p7nm_width_zig_200nm_analyzed.xlsx,Analyzed thermal-transport workbook,330926,a0b20bee95b3fa3b5971dde3be2ecf870afb94bc4c4b32d2ad55a02ca4f3fcee,copied_from_source_archive
results/thermal_transport/zigzag/width_check_zigzag_done/300K_23p6nm_width_zig_200nm_analyzed.xlsx,zigzag_y/width_check_zigzag_done/300K_23p6nm_width_zig_200nm_analyzed.xlsx,Analyzed thermal-transport workbook,562151,d4238ba7e5ee6c356f28b02658857aa18c00ef676f6841d836ac5eef732fcfae,copied_from_source_archive
results/vdos/10%_B/10%_B.png,VDOS/10%_B/10%_B.png,VDOS/PDOS result,818958,d109d68f8b51ccbe2565c3f8aefa4037f3fc319ddcfb40881e61cb30df591e98,copied_from_source_archive
results/vdos/10%_B/PDOS_hAlN_Welch_16p384ps_THz_3N_raw.dat,VDOS/10%_B/PDOS_hAlN_Welch_16p384ps_THz_3N_raw.dat,VDOS/PDOS result,176476,9ca682de5d33dd75cf111a5636425b046e0a4ae2b907d9876671bf95a67a668e,copied_from_source_archive
results/vdos/10%_B/PDOS_hAlN_Welch_16p384ps_THz_3N_smoothed.dat,VDOS/10%_B/PDOS_hAlN_Welch_16p384ps_THz_3N_smoothed.dat,VDOS/PDOS result,176471,74ebad85fae899edeecff9bc0e32b8398e47fda9f805651b3cbf90f61b3c65eb,copied_from_source_archive
results/vdos/10%_B/PDOS_hAlN_Welch_16p384ps_metadata.txt,VDOS/10%_B/PDOS_hAlN_Welch_16p384ps_metadata.txt,VDOS/PDOS result,753,01c8f49b0ce4a046eb5a8bc3c070c2ff8ac2135eecf14dcc43c6e4962fdee1e8,copied_from_source_archive
results/vdos/10%_Ga/10%_Ga.png,VDOS/10%_Ga/10%_Ga.png,VDOS/PDOS result,709224,37cf7a4de599a35ad37ec37539f24e63dcb56b09eca1ba32cb5415382e30d7db,copied_from_source_archive
results/vdos/10%_Ga/PDOS_hAlN_Welch_16p384ps_THz_3N_raw.dat,VDOS/10%_Ga/PDOS_hAlN_Welch_16p384ps_THz_3N_raw.dat,VDOS/PDOS result,176477,e0649d14a441987cd322088b56be15d4a12b7c6033e85cc9ab405822a1088b68,copied_from_source_archive
results/vdos/10%_Ga/PDOS_hAlN_Welch_16p384ps_THz_3N_smoothed.dat,VDOS/10%_Ga/PDOS_hAlN_Welch_16p384ps_THz_3N_smoothed.dat,VDOS/PDOS result,176472,532fddd74bec7dbf08488108cf85ae8cc46611757d86cadc0329bf593d7d1c01,copied_from_source_archive
results/vdos/10%_Ga/PDOS_hAlN_Welch_16p384ps_metadata.txt,VDOS/10%_Ga/PDOS_hAlN_Welch_16p384ps_metadata.txt,VDOS/PDOS result,754,15b8539da568c3516e6a770882375a8aeea98f2f979924a1a79773d6b8935753,copied_from_source_archive
results/vdos/12%_pore/12%_pore.png,VDOS/12%_pore/12%_pore.png,VDOS/PDOS result,704370,6bfc1d6b40bfa852fe56c972491ed7a4c368505a10b834b99af09f49eff4165e,copied_from_source_archive
results/vdos/12%_pore/PDOS_hAlN_Welch_16p384ps_THz_3N_raw.dat,VDOS/12%_pore/PDOS_hAlN_Welch_16p384ps_THz_3N_raw.dat,VDOS/PDOS result,141638,31f3f4f8a6d8c99b8ce61fe3a1e2b384329f99565b27b7814dee33421a72fd84,copied_from_source_archive
results/vdos/12%_pore/PDOS_hAlN_Welch_16p384ps_THz_3N_smoothed.dat,VDOS/12%_pore/PDOS_hAlN_Welch_16p384ps_THz_3N_smoothed.dat,VDOS/PDOS result,141631,8a9df236a307b85dae1bdd28cf6863c332768e9ce199b4515871137ca609e2d1,copied_from_source_archive
results/vdos/12%_pore/PDOS_hAlN_Welch_16p384ps_metadata.txt,VDOS/12%_pore/PDOS_hAlN_Welch_16p384ps_metadata.txt,VDOS/PDOS result,692,ccdc75cebef2c0fa4877230625a3cfa3098e3c6c8fb8f88437ce0d7496e8595a,copied_from_source_archive
results/vdos/8%_pore+8%_strain/8%_pore+8%_strain.png,VDOS/8%_pore+8%_strain/8%_pore+8%_strain.png,VDOS/PDOS result,742965,fe399eee1264d1eea665f3243bc067f5d11db9a6a545b9d9227859850e5fcf68,copied_from_source_archive
results/vdos/8%_pore+8%_strain/8%_pore+8%_strain_direction.png,VDOS/8%_pore+8%_strain/8%_pore+8%_strain_direction.png,VDOS/PDOS result,221275,1e3325253e09a06594cc1692298ec55b5a187a4e48dc8882539e94b8988d3630,copied_from_source_archive
results/vdos/8%_pore+8%_strain/PDOS_hAlN_Welch_16p384ps_THz_3N_directional_raw.dat,VDOS/8%_pore+8%_strain/PDOS_hAlN_Welch_16p384ps_THz_3N_directional_raw.dat,VDOS/PDOS result,704967,766d213570ff00bf3e3e06c2e51fc732f6bfe32e570c8b44d4c2228aceff44c4,copied_from_source_archive
results/vdos/8%_pore+8%_strain/PDOS_hAlN_Welch_16p384ps_THz_3N_directional_smoothed.dat,VDOS/8%_pore+8%_strain/PDOS_hAlN_Welch_16p384ps_THz_3N_directional_smoothed.dat,VDOS/PDOS result,704871,6ec72b07b8b9563a8beed1be4f0e05c622fc543deb1c5b14fd8488d7659594c4,copied_from_source_archive
results/vdos/8%_pore+8%_strain/PDOS_hAlN_Welch_16p384ps_THz_3N_raw.dat,VDOS/8%_pore+8%_strain/PDOS_hAlN_Welch_16p384ps_THz_3N_raw.dat,VDOS/PDOS result,565574,69ac90b95730d7903fa006357ce69c068657a85dbbd3701e9be88b399ad53737,copied_from_source_archive
results/vdos/8%_pore+8%_strain/PDOS_hAlN_Welch_16p384ps_THz_3N_smoothed.dat,VDOS/8%_pore+8%_strain/PDOS_hAlN_Welch_16p384ps_THz_3N_smoothed.dat,VDOS/PDOS result,565566,90da8adff13f814f37f059a67396ab374434d116fab9a24e5b242e2adb85ff52,copied_from_source_archive
results/vdos/8%_pore+8%_strain/PDOS_hAlN_Welch_16p384ps_metadata.txt,VDOS/8%_pore+8%_strain/PDOS_hAlN_Welch_16p384ps_metadata.txt,VDOS/PDOS result,1355,0b8f2f750bee7d025c4f7829e78a8577510e3757f4afb605e277bffc4cef4cc8,copied_from_source_archive
results/vdos/8%_strain/8%_strain.png,VDOS/8%_strain/8%_strain.png,VDOS/PDOS result,759104,417a2b47ca5122953a5710598d823f5cf4ad90b73fcaa5b288efb14a30bf60b1,copied_from_source_archive
results/vdos/8%_strain/8%_strain_direction.png,VDOS/8%_strain/8%_strain_direction.png,VDOS/PDOS result,513036,6c4cf4f9854a19f0315f8cdf79437bbdd50804579c06a6b98658c97e3b627f76,copied_from_source_archive
results/vdos/8%_strain/PDOS_hAlN_Welch_16p384ps_THz_3N_directional_raw.dat,VDOS/8%_strain/PDOS_hAlN_Welch_16p384ps_THz_3N_directional_raw.dat,VDOS/PDOS result,704967,93a5805e2329c75bad6ff537aedc8d8f32a098239a302ac302faefa0cd2a8180,copied_from_source_archive
results/vdos/8%_strain/PDOS_hAlN_Welch_16p384ps_THz_3N_directional_smoothed.dat,VDOS/8%_strain/PDOS_hAlN_Welch_16p384ps_THz_3N_directional_smoothed.dat,VDOS/PDOS result,704871,b62302ac158ccb40b2f4b6fa81e18676effe59fde43901aac5a733f10473fb4d,copied_from_source_archive
results/vdos/8%_strain/PDOS_hAlN_Welch_16p384ps_THz_3N_raw.dat,VDOS/8%_strain/PDOS_hAlN_Welch_16p384ps_THz_3N_raw.dat,VDOS/PDOS result,565574,2268049b309cdbc640fd9016dbe6877afcb0e6652480d010791266de35ba90d9,copied_from_source_archive
results/vdos/8%_strain/PDOS_hAlN_Welch_16p384ps_THz_3N_smoothed.dat,VDOS/8%_strain/PDOS_hAlN_Welch_16p384ps_THz_3N_smoothed.dat,VDOS/PDOS result,565566,ed88d3927426ffb52fdfd5faa3f7beebd3c006964e5b63b07e1612542f5f57bd,copied_from_source_archive
results/vdos/8%_strain/PDOS_hAlN_Welch_16p384ps_metadata.txt,VDOS/8%_strain/PDOS_hAlN_Welch_16p384ps_metadata.txt,VDOS/PDOS result,1356,ce9c7585e4e4725fff0b765b1802a411ad6c23808376a6edf86cbf581168cb9d,copied_from_source_archive
results/vdos/pristine/PDOS_hAlN_Welch_16p384ps_THz_3N_raw.dat,VDOS/pristine/PDOS_hAlN_Welch_16p384ps_THz_3N_raw.dat,VDOS/PDOS result,141638,b61453512bb65cda4d58d98d2ded610390ec65ac1b7343c70505aa9d72971882,copied_from_source_archive
results/vdos/pristine/PDOS_hAlN_Welch_16p384ps_THz_3N_smoothed.dat,VDOS/pristine/PDOS_hAlN_Welch_16p384ps_THz_3N_smoothed.dat,VDOS/PDOS result,141631,0667ad876a80f1147cf76546aacb4b9be0ed19b65a046001abcd5060df71d14a,copied_from_source_archive
results/vdos/pristine/PDOS_hAlN_Welch_16p384ps_metadata.txt,VDOS/pristine/PDOS_hAlN_Welch_16p384ps_metadata.txt,VDOS/PDOS result,692,bfb195996fb3bdd90075c077289fac2d5fcfdb3eac29a05ab86797db4098d8b7,copied_from_source_archive
results/vdos/pristine/pristine.png,VDOS/pristine/pristine.png,VDOS/PDOS result,716420,b48438921d2dc777d7d22cc3c638ab99c3a25501f653c099adeb644faaaf580c,copied_from_source_archive
scripts/README.md,,GitHub curation/documentation,919,acbef972f1606b8222afd7dc0c86ce9202691e7e3b32c1b27077ee0ef35867c5,generated_during_github_curation
scripts/thermal_transport/ORIGINAL_SCRIPT_README.txt,thermal_transport_final_bundle/thermal_transport_ALL_CASES_README.txt,Original thermal-analysis script documentation,4860,e60e5443d372ffecdedc91f80be1729e27eb1faa4bfc9dbb7e9cba479951d710,copied_from_source_archive
scripts/thermal_transport/thermal_transport_analysis_ALL_CASES_FINAL.py,thermal_transport_final_bundle/thermal_transport_analysis_ALL_CASES_FINAL.py,Thermal-transport statistical analysis script,68678,d066d90e34e8b90864df698547bdf19680b1225ac39a77f3c86ac1b65dc37803,copied_from_source_archive
scripts/vdos/pdos_publication.py,sample_structure_file_lammps_script_potential_file/VDOS_structure_python_post_process_scripts/pdos_publication.py,VDOS/PDOS post-processing script,29874,2f6b17da0e597f4adf70880e9038c2ed70565c6cd8b04760a598c9ab09eb0bd6,copied_from_source_archive
scripts/vdos/pdos_publication_directional.py,sample_structure_file_lammps_script_potential_file/VDOS_structure_python_post_process_scripts/pdos_publication_directional.py,Directional VDOS/PDOS post-processing script,36144,02baac8a8534cc8f0dadae8209ee2c9a6df679d583af76002a7551fb01cce40a,copied_from_source_archive
structures/README.md,,GitHub curation/documentation,729,744c9a446e9fe0df1103cd9c7211a9f0585577eecc41a7b531a9c276c9653d5d,generated_during_github_curation
structures/doped/AlN_B_10%_eq.lmp,sample_structure_file_lammps_script_potential_file/doped_structure/AlN_B_10%_eq.lmp,Equilibrated doped h-AlN structure,7323403,db8b987a74457375caf3427c94cb2c45437d53a864042c17ad47f2ab3e150239,copied_from_source_archive
structures/doped/AlN_B_2%_eq.lmp,sample_structure_file_lammps_script_potential_file/doped_structure/AlN_B_2%_eq.lmp,Equilibrated doped h-AlN structure,7328276,73669e221f58ce53116e1b9df8d0f8539f974386b322c71910f68c3e10d7780b,copied_from_source_archive
structures/doped/AlN_B_6%_eq.lmp,sample_structure_file_lammps_script_potential_file/doped_structure/AlN_B_6%_eq.lmp,Equilibrated doped h-AlN structure,7326407,e0a5e5f70609a3126044a6d7dd34835332e1eb40170c617523049a43f279ca77,copied_from_source_archive
structures/doped/AlN_Ga_10%_eq.lmp,sample_structure_file_lammps_script_potential_file/doped_structure/AlN_Ga_10%_eq.lmp,Equilibrated doped h-AlN structure,7330004,2479dfd1e359d6efd9b93f1a5a383e1504a91d76017350ee74e74e330a645624,copied_from_source_archive
structures/doped/AlN_Ga_2%_eq.lmp,sample_structure_file_lammps_script_potential_file/doped_structure/AlN_Ga_2%_eq.lmp,Equilibrated doped h-AlN structure,7329373,11414c9c8c0daaa563824287a441bd1da41e7d23d2279279bd6ab5f457d90288,copied_from_source_archive
structures/doped/AlN_Ga_6%_eq.lmp,sample_structure_file_lammps_script_potential_file/doped_structure/AlN_Ga_6%_eq.lmp,Equilibrated doped h-AlN structure,7329335,9d856ff19b7c09cb9a00733e5f1d83951506f708c7759c2c292491dbfcfce7f1,copied_from_source_archive
structures/pores/AlN_12%_pore_31p6nm.lmp,sample_structure_file_lammps_script_potential_file/sample_pore_structures/AlN_12%_pore_31p6nm.lmp,Representative porous h-AlN structure,534196,81cd8da4f3e6ec195e089d01d09a1625d9489cd309a7172914595947d0bad39f,copied_from_source_archive
structures/pores/AlN_3%_pore_31p6nm.lmp,sample_structure_file_lammps_script_potential_file/sample_pore_structures/AlN_3%_pore_31p6nm.lmp,Representative porous h-AlN structure,590136,e4a5f01a91a198138595b0db2e033aa7538fdf94b2c9fef0f53f31f61b218e5e,copied_from_source_archive
structures/pores/AlN_8%_pore_31p6nm.lmp,sample_structure_file_lammps_script_potential_file/sample_pore_structures/AlN_8%_pore_31p6nm.lmp,Representative porous h-AlN structure,559173,ba5adbee45b41cb7037a97cf593a0505db21335ec35a6b94c662fc4df3371642,copied_from_source_archive
structures/pristine/AlN_paper_like_unit_cell.lmp,sample_structure_file_lammps_script_potential_file/AlN_paper_like.lmp,Pristine h-AlN LAMMPS data file,7043,328bc57aaf3891f68afb3b13aafa923fdc4f248a8a36e9f8e9078ce1a12547a9,copied_from_source_archive
structures/pristine/AlN_width_13.7nm.lmp,temp_diff/temp_diff_done/0.05/k1/AlN_width_13.7nm.lmp,Canonical 13.7 nm-width structure shared by temperature-bias validation runs,4432688,83f8b709c9dfcaa841cbc1c9f6789520fdc04b8f7c5ea40fa15dc58a38074f89,copied_from_source_archive
structures/vdos/AlN_VDOS.lmp,sample_structure_file_lammps_script_potential_file/VDOS_structure_python_post_process_scripts/AlN_VDOS.lmp,VDOS simulation structure,371024,cb8e91d47dec352e5f8634023ad3d2add9a8903194d0609db0183105e75825f3,copied_from_source_archive
structures/vdos/Al_N_B_10%_VDOS.lmp,sample_structure_file_lammps_script_potential_file/VDOS_structure_python_post_process_scripts/Al_N_B_10%_VDOS.lmp,VDOS simulation structure,371069,73e7c47cdfcc12b17e69790666a778a917a7c650341246c528b3cbf9ab57432a,copied_from_source_archive
structures/vdos/Al_N_Ga_10%_VDOS.lmp,sample_structure_file_lammps_script_potential_file/VDOS_structure_python_post_process_scripts/Al_N_Ga_10%_VDOS.lmp,VDOS simulation structure,371070,3c7125413e6e97b9a36034f9bbedd8591ff6f7c6248b846973163c3db3b68cab,copied_from_source_archive
validation/README.md,,GitHub curation/documentation,532,683114256c97a9daca1bbe690c7a6f8bb16158ecb53c7b77180edd346c3b0ffd,generated_during_github_curation
validation/equilibration_sample/Temp_energy.png,Sample_300K_31p6nm_temp_etol_press_volume_NPT_NVT_NVE/Temp_energy.png,Representative equilibration validation output,591031,7f84e796cf5be68e86af6479c8becf64064a65ed6d023e23b9e6a7f2b10ad86a,copied_from_source_archive
validation/equilibration_sample/Temp_etotal_pressure_volume.txt,Sample_300K_31p6nm_temp_etol_press_volume_NPT_NVT_NVE/Temp_etotal_pressure_volume.txt,Representative equilibration validation output,164590,f5ab1f1f0acd66bc5b96f37dc5f8738544ff6990dee62b3c8f4d78199791af43,copied_from_source_archive
validation/equilibration_sample/press_vol.png,Sample_300K_31p6nm_temp_etol_press_volume_NPT_NVT_NVE/press_vol.png,Representative equilibration validation output,1351572,b8611e3b9b5b46bafda4d9a1e95aff52dfe876f53e434ce2bdd2335499358d43,copied_from_source_archive
validation/steady_state_nemd/armchair/Ener_equ.dat,Sample_300K_31p6nm_temp_profile_energy/armchair/Ener_equ.dat,Representative steady-state NEMD validation output,742335,33feb0532cc80544a5d9cc4d446edc3b1ffa6dab73686cd659cb3da339dba341,copied_from_source_archive
validation/steady_state_nemd/armchair/data.txt,Sample_300K_31p6nm_temp_profile_energy/armchair/data.txt,Representative steady-state NEMD validation output,4607,e55792a96ae24cf501872150998f83307fc24d3886583a0b6179c6033430b23f,copied_from_source_archive
validation/steady_state_nemd/armchair/energy.png,Sample_300K_31p6nm_temp_profile_energy/armchair/energy.png,Representative steady-state NEMD validation output,491697,0a0586f7b4c764d0d8f36b80b7e722933a4e42251443c97ae7626d204cc2b83f,copied_from_source_archive
validation/steady_state_nemd/armchair/temp_profile.png,Sample_300K_31p6nm_temp_profile_energy/armchair/temp_profile.png,Representative steady-state NEMD validation output,429065,6d3d1e5b9674be72b2735def2aa4da1f43b00553d566c763119e8dd04c5436fc,copied_from_source_archive
validation/steady_state_nemd/zigzag/Ener_equ.dat,Sample_300K_31p6nm_temp_profile_energy/zigzag/Ener_equ.dat,Representative steady-state NEMD validation output,742330,48558fc559d26d0d488c95b78d429ee5fff05431708d0804a3e255aa56328761,copied_from_source_archive
validation/steady_state_nemd/zigzag/data.txt,Sample_300K_31p6nm_temp_profile_energy/zigzag/data.txt,Representative steady-state NEMD validation output,3419,f21fde8f5f064a715128e5c9311d79c25655f043e19f2c4e8421187d20733b38,copied_from_source_archive
validation/steady_state_nemd/zigzag/energy.png,Sample_300K_31p6nm_temp_profile_energy/zigzag/energy.png,Representative steady-state NEMD validation output,481295,7d06424ff82892624fb800861fd737b06c7e4179d3ab3deb0a1f0bc1fe3a8993,copied_from_source_archive
validation/steady_state_nemd/zigzag/temp_progile.png,Sample_300K_31p6nm_temp_profile_energy/zigzag/temp_progile.png,Representative steady-state NEMD validation output,425424,15fb0a0743add0459f087f8c31acbfefe51d91ae91247128f1ea6ac202f01987,copied_from_source_archive
validation/temperature_bias_raw/0.02/k1/Ener_equ.dat,temp_diff/temp_diff_done/0.02/k1/Ener_equ.dat,Raw/figure output for thermostat-bias sensitivity check,721391,0b54337746a853609a8570bd46d35a485a2d7dccfadab63453cbab6235706712,copied_from_source_archive
validation/temperature_bias_raw/0.02/k1/energy_vs_time.png,temp_diff/temp_diff_done/0.02/k1/energy_vs_time.png,Raw/figure output for thermostat-bias sensitivity check,689966,0459c533b73de431c70a85e97bc571dccf626e7bfc52ff8dea96eee478943b0a,copied_from_source_archive
validation/temperature_bias_raw/0.02/k1/temp_profile_midregion.png,temp_diff/temp_diff_done/0.02/k1/temp_profile_midregion.png,Raw/figure output for thermostat-bias sensitivity check,1152145,b383a07d2f98e58076a9e8f0f196ca7c1b34ab940d6a07cf8cb72a8c6252c110,copied_from_source_archive
validation/temperature_bias_raw/0.02/k2/Ener_equ.dat,temp_diff/temp_diff_done/0.02/k2/Ener_equ.dat,Raw/figure output for thermostat-bias sensitivity check,721404,2652fa07f1b5508500be77b5cfc2c4256a42e550902af58d8a34a097d20fda48,copied_from_source_archive
validation/temperature_bias_raw/0.02/k2/energy_vs_time.png,temp_diff/temp_diff_done/0.02/k2/energy_vs_time.png,Raw/figure output for thermostat-bias sensitivity check,684890,fefd76f1099d0f48009f0ac88b253b4c7bd9cbb58640e7babe22eec1746b41c1,copied_from_source_archive
validation/temperature_bias_raw/0.02/k2/temp_profile_midregion.png,temp_diff/temp_diff_done/0.02/k2/temp_profile_midregion.png,Raw/figure output for thermostat-bias sensitivity check,1162750,b41f3bf06e371fa89942f4e5f9c09e2391b454d203ecba3484a243da3a84a126,copied_from_source_archive
validation/temperature_bias_raw/0.02/k3/Ener_equ.dat,temp_diff/temp_diff_done/0.02/k3/Ener_equ.dat,Raw/figure output for thermostat-bias sensitivity check,721447,4e436b1ea4f2028718fc1ca27c14046bcff0a390da89dbc57649e477f0446f6a,copied_from_source_archive
validation/temperature_bias_raw/0.02/k3/energy_vs_time.png,temp_diff/temp_diff_done/0.02/k3/energy_vs_time.png,Raw/figure output for thermostat-bias sensitivity check,683512,fd28ee4c0155ab458b28d1670356651bad252d81282292961bd82f0b3b5cf418,copied_from_source_archive
validation/temperature_bias_raw/0.02/k3/temp_profile_midregion.png,temp_diff/temp_diff_done/0.02/k3/temp_profile_midregion.png,Raw/figure output for thermostat-bias sensitivity check,1167894,64632d0c43d2a03548331f52eea4a1d4de7fa543b0811a8c09f73b9db9c39d01,copied_from_source_archive
validation/temperature_bias_raw/0.02/k4/Ener_equ.dat,temp_diff/temp_diff_done/0.02/k4/Ener_equ.dat,Raw/figure output for thermostat-bias sensitivity check,721415,cb6f775bfd42dbcb7b18af5d08233e9fb2e73fa8b05323032dd3c35ca21b86b2,copied_from_source_archive
validation/temperature_bias_raw/0.02/k4/energy_vs_time.png,temp_diff/temp_diff_done/0.02/k4/energy_vs_time.png,Raw/figure output for thermostat-bias sensitivity check,690182,f9519c969339baee73d939daf209d2dfa746e87822d14d5aac9f135bd1cbc20d,copied_from_source_archive
validation/temperature_bias_raw/0.02/k4/temp_profile_midregion.png,temp_diff/temp_diff_done/0.02/k4/temp_profile_midregion.png,Raw/figure output for thermostat-bias sensitivity check,1178816,f8ec8db588d5ba3182d6016ba5af1294f606dd9b8f86b5175506d79d4d4736f8,copied_from_source_archive
validation/temperature_bias_raw/0.02/k5/Ener_equ.dat,temp_diff/temp_diff_done/0.02/k5/Ener_equ.dat,Raw/figure output for thermostat-bias sensitivity check,721539,0c7d51a5c3c68784a51249a9ddf9a30089b820ccd48b4da9552914ccccbf852a,copied_from_source_archive
validation/temperature_bias_raw/0.02/k5/energy_vs_time.png,temp_diff/temp_diff_done/0.02/k5/energy_vs_time.png,Raw/figure output for thermostat-bias sensitivity check,675364,6dd79e19214aecc95362e7f33478639215706756ba2bfa671a9e9aed9bc0d18e,copied_from_source_archive
validation/temperature_bias_raw/0.02/k5/temp_profile_midregion.png,temp_diff/temp_diff_done/0.02/k5/temp_profile_midregion.png,Raw/figure output for thermostat-bias sensitivity check,1156163,a5135351c9ef3642d57dd6b9b9fb1cedc661268fbf1de31cd846e7ddd9daf3a9,copied_from_source_archive
validation/temperature_bias_raw/0.05/k1/Ener_equ.dat,temp_diff/temp_diff_done/0.05/k1/Ener_equ.dat,Raw/figure output for thermostat-bias sensitivity check,721514,fa1ce81e59eb970bb4adaf0cf16796ccb8d07e2d35cdf2eeecfb060392767848,copied_from_source_archive
validation/temperature_bias_raw/0.05/k1/energy_vs_time.png,temp_diff/temp_diff_done/0.05/k1/energy_vs_time.png,Raw/figure output for thermostat-bias sensitivity check,651270,a636861cb071ab69cb35d356ca5730918514578e12a3a3dff6ff38c0e466099d,copied_from_source_archive
validation/temperature_bias_raw/0.05/k1/temp_profile_midregion.png,temp_diff/temp_diff_done/0.05/k1/temp_profile_midregion.png,Raw/figure output for thermostat-bias sensitivity check,1144250,f2806dd673b482e27166f487db9b219f3e8720c68bae1c1fad1dc617652e5df2,copied_from_source_archive
validation/temperature_bias_raw/0.05/k2/Ener_equ.dat,temp_diff/temp_diff_done/0.05/k2/Ener_equ.dat,Raw/figure output for thermostat-bias sensitivity check,721301,4cdb82a90ebda9b8a16cde33e5cd1e10e27f6739b79dd5bf01125631bf4f79f2,copied_from_source_archive
validation/temperature_bias_raw/0.05/k2/energy_vs_time.png,temp_diff/temp_diff_done/0.05/k2/energy_vs_time.png,Raw/figure output for thermostat-bias sensitivity check,652644,9f7dc1de25faf1ef288439cd4dbd7115a1a8f99afde909977c99027b5b864c93,copied_from_source_archive
validation/temperature_bias_raw/0.05/k2/temp_profile_midregion.png,temp_diff/temp_diff_done/0.05/k2/temp_profile_midregion.png,Raw/figure output for thermostat-bias sensitivity check,1139627,632339fc888386a40ab15bbd5d19166651ce44fd1bd65eefac93d66c24a26756,copied_from_source_archive
validation/temperature_bias_raw/0.05/k3/Ener_equ.dat,temp_diff/temp_diff_done/0.05/k3/Ener_equ.dat,Raw/figure output for thermostat-bias sensitivity check,721424,45568c47686f23ca7f8b468bcd47a0b49aff08df9fea7840c10e44877d26e23e,copied_from_source_archive
validation/temperature_bias_raw/0.05/k3/energy_vs_time.png,temp_diff/temp_diff_done/0.05/k3/energy_vs_time.png,Raw/figure output for thermostat-bias sensitivity check,652338,714f1c1c6c6da2a380f7aef975ed6a579e5c8063eae1ac15002111eb4432bb38,copied_from_source_archive
validation/temperature_bias_raw/0.05/k3/temp_profile_midregion.png,temp_diff/temp_diff_done/0.05/k3/temp_profile_midregion.png,Raw/figure output for thermostat-bias sensitivity check,1135796,89902fe1520c62e55f1b204f12b943694204855c2960318e101cdc5f5cf3f865,copied_from_source_archive
validation/temperature_bias_raw/0.05/k4/Ener_equ.dat,temp_diff/temp_diff_done/0.05/k4/Ener_equ.dat,Raw/figure output for thermostat-bias sensitivity check,721470,a8a313425ac12366d5db4f95835db79b91a81f1f5bb13dc35355ea4f42937a66,copied_from_source_archive
validation/temperature_bias_raw/0.05/k4/energy_vs_time.png,temp_diff/temp_diff_done/0.05/k4/energy_vs_time.png,Raw/figure output for thermostat-bias sensitivity check,651600,d01bee8b52b673e8f57d09aa7b59cb03baa9530c44300240b945029765234c2e,copied_from_source_archive
validation/temperature_bias_raw/0.05/k4/temp_profile_midregion.png,temp_diff/temp_diff_done/0.05/k4/temp_profile_midregion.png,Raw/figure output for thermostat-bias sensitivity check,1159448,3ec17e51efd6c1e4ae8d0cafd35605a51ee7eccf98b43091923583ac8a90fc2e,copied_from_source_archive
validation/temperature_bias_raw/0.05/k5/Ener_equ.dat,temp_diff/temp_diff_done/0.05/k5/Ener_equ.dat,Raw/figure output for thermostat-bias sensitivity check,721296,9b0dc664b077ef4943b775cb25457a680beb479294566d559e0ac77df303c910,copied_from_source_archive
validation/temperature_bias_raw/0.05/k5/energy_vs_time.png,temp_diff/temp_diff_done/0.05/k5/energy_vs_time.png,Raw/figure output for thermostat-bias sensitivity check,652099,7680eabb04bfe054b2ee4ad212bb01c108f9d489e003d98ea5cecd850fede480,copied_from_source_archive
validation/temperature_bias_raw/0.05/k5/temp_profile_midregion.png,temp_diff/temp_diff_done/0.05/k5/temp_profile_midregion.png,Raw/figure output for thermostat-bias sensitivity check,1144282,f68e885a80b90101e122fa4b2975435a50b1e85c8b55181986f98248e9638127,copied_from_source_archive
validation/temperature_bias_raw/0.08/k1/Ener_equ.dat,temp_diff/temp_diff_done/0.08/k1/Ener_equ.dat,Raw/figure output for thermostat-bias sensitivity check,721300,66332e394c4c858adf1a32d741c2bb2645bed29d8a94b9aa3bb2118d807941d9,copied_from_source_archive
validation/temperature_bias_raw/0.08/k1/energy_vs_time.png,temp_diff/temp_diff_done/0.08/k1/energy_vs_time.png,Raw/figure output for thermostat-bias sensitivity check,620843,9dce031de44625c7a212189922085f5d74c2be93fb049e78430d40117aeb7b2a,copied_from_source_archive
validation/temperature_bias_raw/0.08/k1/temp_profile_midregion.png,temp_diff/temp_diff_done/0.08/k1/temp_profile_midregion.png,Raw/figure output for thermostat-bias sensitivity check,1121946,aca77d15ad3cc19d78d35cad18ecb87ba9c710bbe6ee6eaab6b3110b9b02b252,copied_from_source_archive
validation/temperature_bias_raw/0.08/k2/Ener_equ.dat,temp_diff/temp_diff_done/0.08/k2/Ener_equ.dat,Raw/figure output for thermostat-bias sensitivity check,721353,d1720344d29178368ac23e1bb178b7527f1afd38db578d6659648be02ef6fb52,copied_from_source_archive
validation/temperature_bias_raw/0.08/k2/energy_vs_time.png,temp_diff/temp_diff_done/0.08/k2/energy_vs_time.png,Raw/figure output for thermostat-bias sensitivity check,631143,6fe0d61fcf7a2c637b961143f689f2f10bca04b45bef76cf0b1051919eae3683,copied_from_source_archive
validation/temperature_bias_raw/0.08/k2/temp_profile_midregion.png,temp_diff/temp_diff_done/0.08/k2/temp_profile_midregion.png,Raw/figure output for thermostat-bias sensitivity check,1126013,ccb262eb6582efafd2b6e351d899f6ff4337f45d13eff57b7d3668429feb941b,copied_from_source_archive
validation/temperature_bias_raw/0.08/k3/Ener_equ.dat,temp_diff/temp_diff_done/0.08/k3/Ener_equ.dat,Raw/figure output for thermostat-bias sensitivity check,721427,fc37178b0c06e63f92e282e0ac9647464a57f9232a8be345eeb73a99127d5e4f,copied_from_source_archive
validation/temperature_bias_raw/0.08/k3/energy_vs_time.png,temp_diff/temp_diff_done/0.08/k3/energy_vs_time.png,Raw/figure output for thermostat-bias sensitivity check,621091,36458fa539961658b6be3946f39ebeb332dbeff8deb71e64764fa6f280ae098b,copied_from_source_archive
validation/temperature_bias_raw/0.08/k3/temp_profile_midregion.png,temp_diff/temp_diff_done/0.08/k3/temp_profile_midregion.png,Raw/figure output for thermostat-bias sensitivity check,1124980,13ae4b30fa72cfed253a88fbc6099ef0a4b782e4c6d71b32a02af46584a49c39,copied_from_source_archive
validation/temperature_bias_raw/0.08/k4/Ener_equ.dat,temp_diff/temp_diff_done/0.08/k4/Ener_equ.dat,Raw/figure output for thermostat-bias sensitivity check,721386,f759c557be091381d37957f314504b1cc59a1fbdefab2fec1df49a160b6eef9d,copied_from_source_archive
validation/temperature_bias_raw/0.08/k4/energy_vs_time.png,temp_diff/temp_diff_done/0.08/k4/energy_vs_time.png,Raw/figure output for thermostat-bias sensitivity check,622164,52da60102e9664359a9681bba3eb82e4701b825bbeec54422a3e7ea973ef9cd9,copied_from_source_archive
validation/temperature_bias_raw/0.08/k4/temp_profile_midregion.png,temp_diff/temp_diff_done/0.08/k4/temp_profile_midregion.png,Raw/figure output for thermostat-bias sensitivity check,1115700,bc4731dd5798b4f8d9f24b628411f8acb55d6901825a8ff907226ed588c31051,copied_from_source_archive
validation/temperature_bias_raw/0.08/k5/Ener_equ.dat,temp_diff/temp_diff_done/0.08/k5/Ener_equ.dat,Raw/figure output for thermostat-bias sensitivity check,721310,d7044aacec048f67e9d0629b7e46af0909181da51e4f9d1577e207dc43a26917,copied_from_source_archive
validation/temperature_bias_raw/0.08/k5/energy_vs_time.png,temp_diff/temp_diff_done/0.08/k5/energy_vs_time.png,Raw/figure output for thermostat-bias sensitivity check,630241,0d72bcd43a0ca7e1080367c105ff94c357a6f92902afeeddd4140efe90c2f5ce,copied_from_source_archive
validation/temperature_bias_raw/0.08/k5/temp_profile_midregion.png,temp_diff/temp_diff_done/0.08/k5/temp_profile_midregion.png,Raw/figure output for thermostat-bias sensitivity check,1121158,ca6f2d0b5486f07d1ebdf250c0f134a1b8181b0a80e242b76dd2f282e338312c,copied_from_source_archive
